id;mo_ta;noi_dung;noi_dung_content_type;ngay_cap_nhat
1;Handmade Tuna;../fake-data/blob/hipster.png;image/png;2019-12-01
2;invoice;../fake-data/blob/hipster.png;image/png;2019-12-01
3;payment e-markets system;../fake-data/blob/hipster.png;image/png;2019-12-02
4;Louisiana;../fake-data/blob/hipster.png;image/png;2019-12-02
5;Steel leading-edge Small;../fake-data/blob/hipster.png;image/png;2019-12-02
6;solution;../fake-data/blob/hipster.png;image/png;2019-12-01
7;Shoes Music connect;../fake-data/blob/hipster.png;image/png;2019-12-01
8;e-business Light;../fake-data/blob/hipster.png;image/png;2019-12-01
9;Generic Frozen Tuna HTTP;../fake-data/blob/hipster.png;image/png;2019-12-02
10;Kids Optimization;../fake-data/blob/hipster.png;image/png;2019-12-01
